<?xml version="1.0" encoding="UTF-8"?>

<mule xmlns:http="http://www.mulesoft.org/schema/mule/http" xmlns="http://www.mulesoft.org/schema/mule/core"
	xmlns:doc="http://www.mulesoft.org/schema/mule/documentation"
	xmlns:spring="http://www.springframework.org/schema/beans" xmlns:xsi="http://www.w3.org/2001/XMLSchema-instance"
	xsi:schemaLocation="http://www.springframework.org/schema/beans http://www.springframework.org/schema/beans/spring-beans-current.xsd
http://www.mulesoft.org/schema/mule/core http://www.mulesoft.org/schema/mule/core/current/mule.xsd
http://www.mulesoft.org/schema/mule/http http://www.mulesoft.org/schema/mule/http/current/mule-http.xsd">
	<spring:beans>
		<spring:bean name="Tracking" class="com.rvedas.Tracking" />
	</spring:beans>
	<http:listener-config name="HTTP_Listener_Configuration"
		host="0.0.0.0" port="8081" doc:name="HTTP Listener Configuration" />
	<flow name="rvedas_hello_worldFlow">
		<http:listener config-ref="HTTP_Listener_Configuration"
			path="/rvedas" allowedMethods="GET" doc:name="HTTP" />

		<invoke name="hello_world_entry" object-ref="Tracking" method="writeToRvedasLog"
			methodArguments="1001, hello_world, #[server.host], #[message.inboundProperties.transaction_uuid], #[server.dateTime.withTimeZone('UTC')], hello_world_entry, 200, #[message.inboundProperties.client_id]" />
		
		<expression-component doc:name="Expression"><![CDATA[Thread.sleep(100);]]></expression-component>
		
		<invoke name="hello_world_exit" object-ref="Tracking" method="writeToRvedasLog"
			methodArguments="1001, hello_world, #[server.host], #[message.inboundProperties.transaction_uuid], #[server.dateTime.withTimeZone('UTC')], hello_world_exit, 200, #[message.inboundProperties.client_id]" />

		<set-payload value="{ &quot;message&quot; : &quot;hello world&quot; }"
			doc:name="Set Payload" />
	</flow>
</mule>
